<?xml version="1.0"?>
<doc>
    <assembly>
        <name>MrVeggie</name>
    </assembly>
    <members>
        <member name="M:MrVeggie.Contexts.Admin.#ctor(MrVeggie.Models.IngredienteContext,MrVeggie.Models.UtilizadorContext,MrVeggie.Models.ReceitaContext,MrVeggie.Models.OperacaoContext,MrVeggie.Models.UtensilioContext,MrVeggie.Models.Auxiliary.IngredientesPassoContext)">
            <summary>
            Construtor da classe Admin
            </summary>
            <param name="context_i">Contexto dos ingredientes</param>
            <param name="context_u">Contexto dos utilizadores</param>
            <param name="context_r">Contexto das receitas</param>
            <param name="context_op">Contexto das operações</param>
            <param name="context_uten">Contexto dos utensílios</param>
            <param name="context_ip">Contexto dos ingredientes passo</param>
        </member>
        <member name="M:MrVeggie.Contexts.Admin.registaIngrediente(System.String,System.String)">
            <summary>
            Método que regista um ingrediente dado o seu nome e o URL da imagem.
            </summary>
            <param name="nome">Nome da receita</param>
            <param name="url">URL da imagem</param>
        </member>
        <member name="M:MrVeggie.Contexts.Admin.getUtensilios">
            <summary>
            Método que retorna a lista dos utensílios disponíveis.
            </summary>
            <returns>Lista dos utensílios</returns>
        </member>
        <member name="M:MrVeggie.Contexts.Admin.getUtensilios(Microsoft.Extensions.Primitives.StringValues)">
            <summary>
            Método que retorna a lista dos utensílios cujo o ID esteja contido na lista argumento.
            </summary>
            <param name="ids">Lista dos IDs dos utensílios</param>
            <returns>Lista dos respetivos utensílios</returns>
        </member>
        <member name="M:MrVeggie.Contexts.Admin.getEstatistica">
            <summary>
            Método que retornas as estatísticas do crescimento do programa.
            </summary>
            <returns>Estatísticas</returns>
        </member>
        <member name="M:MrVeggie.Contexts.Admin.getUnidades">
            <summary>
            Método que retorna as unidades presentes no sistema.
            </summary>
            <returns>Lista das unidades</returns>
        </member>
        <member name="M:MrVeggie.Contexts.Admin.getIngredientes">
            <summary>
            Método que retorna os ingredientes presentes no sistema.
            </summary>
            <returns>Lista dos ingredientes</returns>
        </member>
        <member name="M:MrVeggie.Contexts.Admin.getIngredientes(Microsoft.Extensions.Primitives.StringValues)">
            <summary>
            Método que retorna a lista dos ingredientes cujo ID esteja presente na lista argumento.
            </summary>
            <param name="ids">IDs a verificar</param>
            <returns>Lista de ingredientes filtrada</returns>
        </member>
        <member name="M:MrVeggie.Contexts.Admin.registaPasso(MrVeggie.Models.Pages.NewPasso,Microsoft.Extensions.Primitives.StringValues,Microsoft.Extensions.Primitives.StringValues)">
            <summary>
            Método que regista um novo passo para uma receita.
            </summary>
            <param name="model"></param>
            <param name="unidades"></param>
            <param name="quantidades"></param>
        </member>
        <member name="M:MrVeggie.Contexts.Admin.registaOperacao(MrVeggie.Models.Operacao)">
            <summary>
            Método que regista uma nova operação no sistema.
            </summary>
            <param name="op">Operação a adicionar</param>
        </member>
        <member name="M:MrVeggie.Contexts.Admin.finalizaReceita(System.Int32,System.Int32)">
            <summary>
            Método que regista como último um passo de uma receita
            </summary>
            <param name="id_receita">ID da receita</param>
            <param name="nPasso">Nr do último passo</param>
        </member>
        <member name="M:MrVeggie.Contexts.Admin.registaReceita(MrVeggie.Models.Receita,System.Collections.Generic.List{MrVeggie.Models.Utensilio})">
            <summary>
            Método que regista uma receita juntamente com os seus utensílios
            </summary>
            <param name="r">Receita a registar</param>
            <param name="utensilios">Utensílios da receita</param>
        </member>
        <member name="M:MrVeggie.Contexts.Admin.getReceitas">
            <summary>
            Método que retorna a lista de todas as receitas do sistema.
            </summary>
            <returns>Lista de receitas</returns>
        </member>
        <member name="M:MrVeggie.Contexts.Admin.getReceitas(Microsoft.Extensions.Primitives.StringValues)">
            <summary>
            Método que retorna a lista de todas as receitas filtradas pelos IDs da string argumento.
            </summary>
            <param name="ids">Lista de IDs das receitas</param>
            <returns>Lista de receitas filtradas</returns>
        </member>
        <member name="M:MrVeggie.Contexts.Admin.getOperacoes">
            <summary>
            Método que retorna a lista de Operações do sistema
            </summary>
            <returns>Lista de operações</returns>
        </member>
        <member name="M:MrVeggie.Contexts.Admin.getOperacoes(Microsoft.Extensions.Primitives.StringValues)">
            <summary>
            Método que retorna a lista de operações filtradas pelos IDs da string argumento.
            </summary>
            <param name="ids">Lista de IDs das operações</param>
            <returns>Lista de operações filtradas</returns>
        </member>
        <member name="M:MrVeggie.Contexts.Autenticacao.#ctor(MrVeggie.Models.UtilizadorContext)">
            <summary>
            Construtor da classe Autenticacao
            </summary>
            <param name="context_u">Contexto do utilizador</param>
        </member>
        <member name="M:MrVeggie.Contexts.Autenticacao.validaUtilizador(MrVeggie.Models.Utilizador)">
            <summary>
            Método que valida o acesso de um utilizador, verificando as suas credenciais.
            </summary>
            <param name="u">Utilizador a verificar</param>
            <returns></returns>
        </member>
        <member name="M:MrVeggie.Contexts.Autenticacao.checkIfExists(System.String)">
            <summary>
            Método que verifica se um email já está registado ou não.
            </summary>
            <param name="email">Email a verificar</param>
            <returns>true - se o email não estiver em uso</returns>
        </member>
        <member name="M:MrVeggie.Contexts.Autenticacao.RegistaUtilizador(MrVeggie.Models.Utilizador)">
            <summary>
            Método que trata do registo do utilizador.
            </summary>
            <param name="u">Utilizador a registar</param>
            <returns>true - se registado com sucesso</returns>
        </member>
        <member name="M:MrVeggie.Contexts.Autenticacao.getUtilizador(System.String)">
            <summary>
            Método que retorna a informação sobre um utilizador dado o seu email.
            </summary>
            <param name="email">Email do utilizador</param>
            <returns>Utilizador encontrado</returns>
        </member>
        <member name="M:MrVeggie.Contexts.Avaliacao.#ctor(MrVeggie.Models.ReceitaContext,MrVeggie.Models.UtilizadorContext,MrVeggie.Models.HistoricoUtilizadorContext)">
            <summary>
            Construtor da class Avaliacao
            </summary>
            <param name="context_r">Contexto das receitas</param>
            <param name="context_u">Contexto do utilizador</param>
            <param name="context_hu">Contexto do histórico do utilizador</param>
        </member>
        <member name="M:MrVeggie.Contexts.Avaliacao.avalia(System.Int32,System.String,System.Int32)">
            <summary>
            Método que regista a avaliação dada por um utilizador para uma determinada receita
            </summary>
            <param name="id_receita">Receita a avaliar</param>
            <param name="email_utilizador">Email do utilizador</param>
            <param name="pontuacao">Pontuação dada</param>
        </member>
        <member name="M:MrVeggie.Contexts.Avaliacao.getReceita(System.Int32)">
            <summary>
            Método que retorna a receita para um dado identificador.
            </summary>
            <param name="id_receita">ID da receita</param>
            <returns>Receita encontrada</returns>
        </member>
        <member name="M:MrVeggie.Contexts.Avaliacao.addToHistorico(System.Int32,System.String)">
            <summary>
            Método que adiciona uma receita ao histórico de um utilizador
            </summary>
            <param name="id_receita">Receita a adicionar</param>
            <param name="email">Email do utilizador</param>
        </member>
        <member name="M:MrVeggie.Contexts.Execucao.#ctor(MrVeggie.Models.PassoContext,MrVeggie.Models.Auxiliary.IngredientesPassoContext,MrVeggie.Models.IngredienteContext,MrVeggie.Models.ReceitaContext)">
            <summary>
            Construtor da classe Execucao
            </summary>
            <param name="context_p">Contexto dos passos</param>
            <param name="context_ip">Contexto dos ingredientes do passo</param>
            <param name="context_i">Contexto dos ingredientes</param>
            <param name="context_r">Contexto das receitas</param>
        </member>
        <member name="M:MrVeggie.Contexts.Execucao.getIngredientes(System.Int32)">
            <summary>
            Método que retorna os ingredientes e as respetivas quantidades de um passo
            </summary>
            <param name="id_passo">ID do passo</param>
            <returns>Ingredintes e as suas quantidades</returns>
        </member>
        <member name="M:MrVeggie.Contexts.Execucao.getDetalhesPasso(System.Int32,System.Int32)">
            <summary>
            Método que retorna toda a informação sobre um passo, sabendo a que receita pertence e qual o seu número
            </summary>
            <param name="id_receita">ID da receita</param>
            <param name="nr_passo">Número do passo</param>
            <returns>Pass completo</returns>
        </member>
        <member name="M:MrVeggie.Contexts.Preparacao.#ctor(MrVeggie.Models.ReceitaContext,MrVeggie.Models.PassoContext,MrVeggie.Models.Auxiliary.IngredientesPassoContext,MrVeggie.Models.IngredienteContext)">
            <summary>
            Construtor da classe Preparacao.
            </summary>
            <param name="context_r">Contexto das receitas</param>
            <param name="context_p">Contexto dos passos</param>
            <param name="context_ip">Contexto dos ingredientes do passo</param>
            <param name="context_i">Contexto dos ingredientes</param>
        </member>
        <member name="M:MrVeggie.Contexts.Preparacao.getDetalhesReceita(System.Int32)">
            <summary>
            Método que retorna toda a informação relativa a uma receita.
            </summary>
            <param name="id_receita">ID da receita</param>
            <returns>Receita completa</returns>
        </member>
        <member name="M:MrVeggie.Contexts.Preparacao.getIngredientesPasso(System.Int32)">
            <summary>
            Método que retorna os ingredientes e as respetivas quantidades de um passo.
            </summary>
            <param name="id_passo">ID do passo</param>
            <returns>Ingredintes e as suas quantidades</returns>
        </member>
        <member name="M:MrVeggie.Contexts.Selecao.#ctor(MrVeggie.Models.ReceitaContext,MrVeggie.Models.IngredienteContext,MrVeggie.Models.Auxiliary.IngredientesPassoContext,MrVeggie.Models.UtilizadorContext,MrVeggie.Models.AgendaContext)">
            <summary>
            Construtor do objecto da classe Selecao
            </summary>
            <param name="context_r">Contexto das receitas</param>
            <param name="context_ing">Contexto dos ingredientes</param>
            <param name="context_ip">Contexto dos IngredientesPasso</param>
            <param name="context_u">Contexto do utilizador</param>
            <param name="context_a">Contexto da agenda</param>
        </member>
        <member name="M:MrVeggie.Contexts.Selecao.getReceitas">
            <summary>
            Método que devolve a lista de todos as receitas presentes no sistema
            </summary>
            <returns>Array com todas as receitas</returns>
        </member>
        <member name="M:MrVeggie.Contexts.Selecao.getReceitas(System.Collections.Generic.IEnumerable{System.Int32})">
            <summary>
            Método que faz o filtro das receitas que contenham os ingredientes (ids) passados como argumento
            </summary>
            <param name="s">ids dos ingredientes</param>
            <returns>Lista de receitas filtradas</returns>
        </member>
        <member name="M:MrVeggie.Contexts.Selecao.getIngredientes">
            <summary>
            Método que devolve a lista de todos os ingredientes presentes no sistema
            </summary>
            <returns>Array com todos os ingredientes</returns>
        </member>
        <member name="M:MrVeggie.Contexts.Selecao.getUtilizadorReceitasPref(System.String)">
            <summary>
            Método que devolve a lista das receitas favoritas de um utilizador dado o seu email
            </summary>
            <param name="email">Email do utilizador</param>
            <returns>Lista das receitas preferidas</returns>
        </member>
        <member name="M:MrVeggie.Contexts.Selecao.getReceitas(System.String)">
            <summary>
            Método que retorna a lista dos ids das receitas que contenham uma substring no seu nome
            </summary>
            <param name="nome">Nome a verificar</param>
            <returns>Lista dos ids das receitas filtradas</returns>
        </member>
        <member name="M:MrVeggie.Contexts.Selecao.setUtilizadorIngredientesPref(System.Int32[],System.String)">
            <summary>
            Método que dada uma lista de ids de ingredientes e o email do utilizador, adiciona os ingredientes à lista de preferências do utilizador.
            </summary>
            <param name="ids">Lista dos ids dos ingredientes</param>
            <param name="email">Email do utilizador</param>
        </member>
        <member name="M:MrVeggie.Contexts.Selecao.getUtilizadorIngredientesPref(System.String)">
            <summary>
            Método que dado o email do utilizador retorna a lista dos seu ingredientes preferidos.
            </summary>
            <param name="email">Email do utilizador</param>
            <returns>Lista dos ingredientes preferidos</returns>
        </member>
        <member name="M:MrVeggie.Contexts.Selecao.verificaAgenda(System.Int32,System.Char,System.String)">
            <summary>
            Função que verifica se é possível adicionar ou não uma receita na agenda de um utilizador numa determinada data.
            </summary>
            <param name="dia">Dia da semana</param>
            <param name="refeicao">'a'-almoço / 'j'-jantar</param>
            <param name="email">Email do utilizador</param>
            <returns>true - se puder puder inserir na data</returns>
        </member>
        <member name="M:MrVeggie.Contexts.Selecao.marcaAgenda(System.Int32,System.Char,System.Int32,System.String)">
            <summary>
            Método que marca a refeição numa data na agenda de um determinado utilizador
            </summary>
            <param name="dia">Dia da semana</param>
            <param name="refeicao">'a'-almoço / 'j'-jantar</param>
            <param name="id_receita">Receita a inserir</param>
            <param name="email">Email do utilizador</param>
        </member>
        <member name="M:MrVeggie.Contexts.Selecao.adicionaReceitaFavoritos(System.Int32,System.String)">
            <summary>
            Método que adiciona uma determinada receita aos favoritos de um utilizador
            </summary>
            <param name="id_receita">Receita a inserir</param>
            <param name="email">Email do utilizador</param>
        </member>
        <member name="M:MrVeggie.Contexts.Selecao.adicionaIngredienteFavoritos(System.Int32,System.String)">
            <summary>
            Método que adiciona um determinado ingrediente aos favoritos de um utilizador
            </summary>
            <param name="id_ingrediente">Ingrediente a inserir</param>
            <param name="email">Email do utilizador</param>
        </member>
        <member name="M:MrVeggie.Contexts.Sugestao.#ctor(MrVeggie.Models.ReceitaContext,MrVeggie.Models.UtilizadorContext,MrVeggie.Models.Auxiliary.IngredientesPassoContext,MrVeggie.Models.AgendaContext)">
            <summary>
            Construtor da classe Sugestao
            </summary>
            <param name="context_r">Contexto das receitas</param>
            <param name="context_u">Contexto dos utilizadores</param>
            <param name="context_ip">Contexto dos ingredientes passo</param>
            <param name="context_a">Contexto da agenda</param>
        </member>
        <member name="M:MrVeggie.Contexts.Sugestao.getReceitas">
            <summary>
            Método que retorna todas as receitas do sistema.
            </summary>
            <returns>Lista das receitas</returns>
        </member>
        <member name="M:MrVeggie.Contexts.Sugestao.getSugestoes">
            <summary>
            !!!!!!!!!!!!!!!!!!!!!!!!!!!!!!!!!!!!!!!!!!!!!!!!!!!!!!!!!!!!!!!!!!!!!!!!!!!!!!!!!!!!!!!!!!!!!!!!!!!!!!!!!!!!!!!!!!!!!
            </summary>
            <returns></returns>
        </member>
        <member name="M:MrVeggie.Contexts.Sugestao.getSugestoes(System.String)">
            <summary>
            Método que retorna a lista das receitas sugeridas para um utilizador
            </summary>
            <param name="email">Email do utilizador</param>
            <returns>Lista das receitas sugeridas</returns>
        </member>
        <member name="M:MrVeggie.Contexts.Sugestao.getReceitaSugeridaPorReceitasFav(System.Int32)">
            <summary>
            Método que retorna uma receita como sugestão a um utilizador, baseada nas suas receitas favoritas.
            </summary>
            <param name="id_utilizador">ID do utilizador</param>
            <returns>Receita sugerida</returns>
        </member>
        <member name="M:MrVeggie.Contexts.Sugestao.getReceitaSugeridaPorIngredientesFav(System.Int32)">
            <summary>
            Método que retorna uma receita como sugestão a um utilizador, baseada nos seus ingredientes favoritos.
            </summary>
            <param name="id_utilizador">ID do utilizador</param>
            <returns>Receita sugerida</returns>
        </member>
        <member name="M:MrVeggie.Contexts.Sugestao.getReceitaSugeridaPorHistorico(System.Int32)">
            <summary>
            Método que retorna uma receita como sugestão a um utilizador, baseada no seu histórico.
            </summary>
            <param name="id_utilizador">ID do utilizador</param>
            <returns>Receita sugerida</returns>
        </member>
        <member name="M:MrVeggie.Contexts.Sugestao.getHistorico(System.String)">
            <summary>
            Método que retorna a lista das receitas já executadas por um utilizador
            </summary>
            <param name="email">Email do utilizador</param>
            <returns></returns>
        </member>
        <member name="M:MrVeggie.Contexts.Sugestao.getAgenda(System.String)">
            <summary>
            Método que retorna a lista com as entradas da agenda (completa) de um utilizador.
            </summary>
            <param name="email">Email do utilizador</param>
            <returns>Lista da agenda</returns>
        </member>
    </members>
</doc>
